id,hash,created_at
1,814a08e40d7fc2bcfd458759d18319198ca8ae394f2fa15617a78678e9c9c93b,1763372440610
930822,04c16875fc6855839e7bcf3139c4296f1ae75ac5e1bc278600315663a64f7c62,1771356961042
930823,2efe79ed7c80b0560a6412247fe0c28ab236428b6e1bb19a262a6b3f64e4f93c,1771358949461
960822,f7dc38553e03da88c5a6a8127bb41e1d76b43abd1eeef767c4af66477cda3732,1771440209342
990822,217be14d96cf54fc79735ba2fa0b1d1c2d1d6fbed5d307b934c9f76824c4bbdc,1771458094831
1020822,ff099dcd7739af06c7e63d69be5490827acab473e47179a4df0f4919400bad2b,1771458929792
1454689,07746779d01d2772fca68efaf075f5d65e8f041b13c3f5410052e8203362ccf8,1771474267239
1454690,62d1b30386bfceab879a129796a7e307f57ddee574c113726a4afd202c8a978c,1771474532354
1454691,1a166aeceaecb874148146f689f118ca91ae5fd9da7365764fcd5ff100f1ac5e,1771483089907
1484689,4f96db8b269cd2929e0a3d3cb0e11b9cea8be8c2f8997e85d359cd79272a3008,1771524009742
1484690,b6ee3d47df050a378a88c1de153c77346cacfdc0066de515979f6afb5e01ee6c,1771524102638
1484691,4f96db8b269cd2929e0a3d3cb0e11b9cea8be8c2f8997e85d359cd79272a3008,1771524289828
1484692,faa0841c9fa48d64fe762c53be5edf751271069d3d2d03460b7db94069523c4b,1771543193856
1514689,9ffa33c74f090df8624451d312ea8fcda7ea04e563f21665d94d958b51defb62,1771595624461
2624286,49cc3b0f9c05ac3a68567daafaf7ef52f59f8c172ea1d003e36209d2f4e9c8d6,1771887472216
2654286,87a2fb7afc70a9c1f8636ce1b26049ac75ea5d362d8295fc98abdf18eb58e0a4,1771940081351
2654287,b481c7267cfc66cb0cb33cb104104a5aff3c381de9cb33660bf0c33afbe28c35,1771941999472
4654286,f13e0d8c145d142f0f20d68c79bbd3858448cdff2a0f18051efbb3d30a1bf4e8,1772208213135
4654287,19b31134adf30a857c79c59c19b5f2e98c18d8f2d5a3612fea7a68d86d30f095,1772209305354
6654286,8d2638dfa2ff65826bd0a0aa5a9363b57e0488d8cd4caf4dea4f63cd266fd4a0,1772893426185